{
  "model_name": "DistilBERT-Distilled",
  "mode": "distilled",
  "accuracy": 0.7807017543859649,
  "f1_macro": 0.5528883986026844,
  "f1_negative": 0.12244897959183673,
  "f1_neutral": 0.92,
  "f1_positive": 0.6162162162162163,
  "n_parameters": 66955779,
  "model_size_mb": 255.4,
  "inference_ms_per_sample": 865.5457678362553,
  "f1_per_million_params": 0.008257515734417551,
  "confusion": [
    [
      3,
      4,
      39
    ],
    [
      0,
      207,
      3
    ],
    [
      0,
      29,
      57
    ]
  ],
  "class_report": "              precision    recall  f1-score   support\n\n    negative       1.00      0.07      0.12        46\n     neutral       0.86      0.99      0.92       210\n    positive       0.58      0.66      0.62        86\n\n    accuracy                           0.78       342\n   macro avg       0.81      0.57      0.55       342\nweighted avg       0.81      0.78      0.74       342\n"
}